Model,8303
Serial #,5275
Last Cal,08-12-2022
Channel Count,3
Date,Time,Location,Annotation,Sample Duration,Flow Rate,Laser OK,Flow OK,Temp OK,RH OK,Temp,RH,CO2,VOC,BP,Ch1 Size,Ch1 Count,Ch1 Alarm,Ch2 Size,Ch2 Count,Ch2 Alarm,Ch3 Size,Ch3 Count,Ch3 Alarm,Ch4 Size,Ch4 Count,Ch4 Alarm,Ch5 Size,Ch5 Count,Ch5 Alarm,Ch6 Size,Ch6 Count,Ch6 Alarm,CntsDiffRaw Ch1,CntsDiffRaw Ch2,CntsDiffRaw Ch3,CntsDiffFT3 Ch1,CntsDiffFT3 Ch2,CntsDiffFT3 Ch3,CntsDiffM3 Ch1,CntsDiffM3 Ch2,CntsDiffM3 Ch3,CntsCumRaw Ch1,CntsCumRaw Ch2,CntsCumRaw Ch3,CntsCumFT3 Ch1,CntsCumFT3 Ch2,CntsCumFT3 Ch3,CntsCumM3 Ch1,CntsCumM3 Ch2,CntsCumM3 Ch3,PM00.50,PM05.00,TPM,TempF
01-04-2023,00:34:08,Location 1,,60.000,0.1000,1,1,1,1,0,0,0,0,100.375,0.30,0,0,0.50,0,0,5.00,0,0,,,,,,,,,,0,0,0,0,0,0,0,0,0,0,0,0,0,0,0,0,0,0,0.00,0.00,0.00,32
01-04-2023,01:35:08,Location 1,,60.000,0.1000,1,1,1,1,0,0,0,0,100.25,0.30,0,0,0.50,0,0,5.00,0,0,,,,,,,,,,0,0,0,0,0,0,0,0,0,0,0,0,0,0,0,0,0,0,0.00,0.00,0.00,32
01-04-2023,02:36:08,Location 1,,60.000,0.1000,1,1,1,1,0,0,0,0,100.25,0.30,0,0,0.50,0,0,5.00,0,0,,,,,,,,,,0,0,0,0,0,0,0,0,0,0,0,0,0,0,0,0,0,0,0.00,0.00,0.00,32
01-04-2023,03:37:08,Location 1,,60.000,0.1000,1,1,1,1,0,0,0,0,100.25,0.30,0,0,0.50,0,0,5.00,0,0,,,,,,,,,,0,0,0,0,0,0,0,0,0,0,0,0,0,0,0,0,0,0,0.00,0.00,0.00,32
01-04-2023,04:38:08,Location 1,,60.000,0.1000,1,1,1,1,0,0,0,0,100.375,0.30,0,0,0.50,0,0,5.00,0,0,,,,,,,,,,0,0,0,0,0,0,0,0,0,0,0,0,0,0,0,0,0,0,0.00,0.00,0.00,32
01-04-2023,05:39:08,Location 1,,60.000,0.1000,1,1,1,1,0,0,0,0,100.1875,0.30,0,0,0.50,0,0,5.00,0,0,,,,,,,,,,0,0,0,0,0,0,0,0,0,0,0,0,0,0,0,0,0,0,0.00,0.00,0.00,32
01-04-2023,06:40:08,Location 1,,60.000,0.1000,1,1,1,1,0,0,0,0,100.5625,0.30,0,0,0.50,0,0,5.00,0,0,,,,,,,,,,0,0,0,0,0,0,0,0,0,0,0,0,0,0,0,0,0,0,0.00,0.00,0.00,32
01-04-2023,07:41:08,Location 1,,60.000,0.1000,1,1,1,1,0,0,0,0,100.5625,0.30,0,0,0.50,0,0,5.00,0,0,,,,,,,,,,0,0,0,0,0,0,0,0,0,0,0,0,0,0,0,0,0,0,0.00,0.00,0.00,32
01-04-2023,08:42:08,Location 1,,60.000,0.1000,1,1,1,1,0,0,0,0,100.5625,0.30,0,0,0.50,0,0,5.00,0,0,,,,,,,,,,0,0,0,0,0,0,0,0,0,0,0,0,0,0,0,0,0,0,0.00,0.00,0.00,32
01-04-2023,09:43:08,Location 1,,60.000,0.1000,1,1,1,1,0,0,0,0,100.6875,0.30,0,0,0.50,0,0,5.00,0,0,,,,,,,,,,0,0,0,0,0,0,0,0,0,0,0,0,0,0,0,0,0,0,0.00,0.00,0.00,32
01-04-2023,10:44:08,Location 1,,60.000,0.1000,1,1,1,1,0,0,0,0,100.5625,0.30,1,0,0.50,0,0,5.00,0,0,,,,,,,,,,1,0,0,10,0,0,353,0,0,1,0,0,10,0,0,353,0,0,0.00,0.00,0.00,32
01-04-2023,11:45:08,Location 1,,60.000,0.1000,1,1,1,1,0,0,0,0,100.4375,0.30,0,0,0.50,0,0,5.00,0,0,,,,,,,,,,0,0,0,0,0,0,0,0,0,0,0,0,0,0,0,0,0,0,0.00,0.00,0.00,32
01-04-2023,12:46:08,Location 1,,60.000,0.1000,1,1,1,1,0,0,0,0,100.4375,0.30,10409,1,0.50,778,0,5.00,3,1,,,,,,,,,,"10,409",778,3,"1,04,104","7,781",30,"36,76,412","2,74,786","1,060","11,190",781,3,"1,11,915","7,811",30,"39,52,258","2,75,846","1,060",0.31,7.79,10.50,32
01-04-2023,13:47:08,Location 1,,60.000,0.1000,1,1,1,1,0,0,0,0,100.125,0.30,126382,1,0.50,9315,1,5.00,15,1,,,,,,,,,,"1,26,382","9,315",15,"12,63,658","93,138",149,"4,46,25,669","32,89,140","5,297","1,35,712","9,330",15,"13,56,945","93,287",149,"4,79,20,104","32,94,437","5,297",3.74,93.28,106.82,32
01-04-2023,14:48:08,Location 1,,60.000,0.1000,1,1,1,1,0,0,0,0,100.0625,0.30,18,0,0.50,0,0,5.00,0,0,,,,,,,,,,18,0,0,180,0,0,"6,358",0,0,18,0,0,180,0,0,"6,358",0,0,0.00,0.00,0.00,32
01-04-2023,15:49:08,Location 1,,60.000,0.1000,1,1,1,1,0,0,0,0,99.9375,0.30,0,0,0.50,0,0,5.00,0,0,,,,,,,,,,0,0,0,0,0,0,0,0,0,0,0,0,0,0,0,0,0,0,0.00,0.00,0.00,32
01-04-2023,16:50:08,Location 1,,60.000,0.1000,1,1,1,1,0,0,0,0,100.125,0.30,0,0,0.50,0,0,5.00,0,0,,,,,,,,,,0,0,0,0,0,0,0,0,0,0,0,0,0,0,0,0,0,0,0.00,0.00,0.00,32
01-04-2023,17:51:08,Location 1,,60.000,0.1000,1,1,1,1,0,0,0,0,99.875,0.30,0,0,0.50,0,0,5.00,0,0,,,,,,,,,,0,0,0,0,0,0,0,0,0,0,0,0,0,0,0,0,0,0,0.00,0.00,0.00,32
01-04-2023,18:52:08,Location 1,,60.000,0.1000,1,1,1,1,0,0,0,0,100.0625,0.30,0,0,0.50,0,0,5.00,0,0,,,,,,,,,,0,0,0,0,0,0,0,0,0,0,0,0,0,0,0,0,0,0,0.00,0.00,0.00,32
01-04-2023,19:53:08,Location 1,,60.000,0.1000,1,1,1,1,0,0,0,0,100.375,0.30,0,0,0.50,0,0,5.00,0,0,,,,,,,,,,0,0,0,0,0,0,0,0,0,0,0,0,0,0,0,0,0,0,0.00,0.00,0.00,32
01-04-2023,20:54:08,Location 1,,60.000,0.1000,1,1,1,1,0,0,0,0,100.5625,0.30,0,0,0.50,0,0,5.00,0,0,,,,,,,,,,0,0,0,0,0,0,0,0,0,0,0,0,0,0,0,0,0,0,0.00,0.00,0.00,32
01-04-2023,21:55:08,Location 1,,60.000,0.1000,1,1,1,1,0,0,0,0,100.4375,0.30,0,0,0.50,0,0,5.00,0,0,,,,,,,,,,0,0,0,0,0,0,0,0,0,0,0,0,0,0,0,0,0,0,0.00,0.00,0.00,32
01-04-2023,22:56:08,Location 1,,60.000,0.1000,1,1,1,1,0,0,0,0,100.3125,0.30,0,0,0.50,0,0,5.00,0,0,,,,,,,,,,0,0,0,0,0,0,0,0,0,0,0,0,0,0,0,0,0,0,0.00,0.00,0.00,32
01-04-2023,23:57:08,Location 1,,60.000,0.1000,1,1,1,1,0,0,0,0,100.3125,0.30,0,0,0.50,0,0,5.00,0,0,,,,,,,,,,0,0,0,0,0,0,0,0,0,0,0,0,0,0,0,0,0,0,0.00,0.00,0.00,32
02-04-2023,00:58:08,Location 1,,60.000,0.1000,1,1,1,1,0,0,0,0,100.1875,0.30,0,0,0.50,0,0,5.00,0,0,,,,,,,,,,0,0,0,0,0,0,0,0,0,0,0,0,0,0,0,0,0,0,0.00,0.00,0.00,32
02-04-2023,01:59:08,Location 1,,60.000,0.1000,1,1,1,1,0,0,0,0,100.0625,0.30,0,0,0.50,0,0,5.00,0,0,,,,,,,,,,0,0,0,0,0,0,0,0,0,0,0,0,0,0,0,0,0,0,0.00,0.00,0.00,32
02-04-2023,03:00:08,Location 1,,60.000,0.1000,1,1,1,1,0,0,0,0,100.0625,0.30,0,0,0.50,0,0,5.00,0,0,,,,,,,,,,0,0,0,0,0,0,0,0,0,0,0,0,0,0,0,0,0,0,0.00,0.00,0.00,32
02-04-2023,04:01:08,Location 1,,60.000,0.1000,1,1,1,1,0,0,0,0,100.0625,0.30,0,0,0.50,0,0,5.00,0,0,,,,,,,,,,0,0,0,0,0,0,0,0,0,0,0,0,0,0,0,0,0,0,0.00,0.00,0.00,32
02-04-2023,05:02:08,Location 1,,60.000,0.1000,1,1,1,1,0,0,0,0,100.125,0.30,0,0,0.50,0,0,5.00,0,0,,,,,,,,,,0,0,0,0,0,0,0,0,0,0,0,0,0,0,0,0,0,0,0.00,0.00,0.00,32
02-04-2023,06:03:08,Location 1,,60.000,0.1000,1,1,1,1,0,0,0,0,100.0625,0.30,0,0,0.50,0,0,5.00,0,0,,,,,,,,,,0,0,0,0,0,0,0,0,0,0,0,0,0,0,0,0,0,0,0.00,0.00,0.00,32
02-04-2023,07:04:08,Location 1,,60.000,0.1000,1,1,1,1,0,0,0,0,100.25,0.30,0,0,0.50,0,0,5.00,0,0,,,,,,,,,,0,0,0,0,0,0,0,0,0,0,0,0,0,0,0,0,0,0,0.00,0.00,0.00,32
02-04-2023,08:05:08,Location 1,,60.000,0.1000,1,1,1,1,0,0,0,0,100.5625,0.30,0,0,0.50,0,0,5.00,0,0,,,,,,,,,,0,0,0,0,0,0,0,0,0,0,0,0,0,0,0,0,0,0,0.00,0.00,0.00,32
02-04-2023,09:06:08,Location 1,,60.000,0.1000,1,1,1,1,0,0,0,0,100.375,0.30,0,0,0.50,0,0,5.00,0,0,,,,,,,,,,0,0,0,0,0,0,0,0,0,0,0,0,0,0,0,0,0,0,0.00,0.00,0.00,32
02-04-2023,10:07:08,Location 1,,60.000,0.1000,1,1,1,1,0,0,0,0,100.25,0.30,0,0,0.50,0,0,5.00,0,0,,,,,,,,,,0,0,0,0,0,0,0,0,0,0,0,0,0,0,0,0,0,0,0.00,0.00,0.00,32
02-04-2023,11:08:08,Location 1,,60.000,0.1000,1,1,1,1,0,0,0,0,100.125,0.30,0,0,0.50,0,0,5.00,0,0,,,,,,,,,,0,0,0,0,0,0,0,0,0,0,0,0,0,0,0,0,0,0,0.00,0.00,0.00,32
02-04-2023,12:09:08,Location 1,,60.000,0.1000,1,1,1,1,0,0,0,0,100.25,0.30,0,0,0.50,0,0,5.00,0,0,,,,,,,,,,0,0,0,0,0,0,0,0,0,0,0,0,0,0,0,0,0,0,0.00,0.00,0.00,32
02-04-2023,13:10:08,Location 1,,60.000,0.1000,1,1,1,1,0,0,0,0,100.125,0.30,0,0,0.50,0,0,5.00,0,0,,,,,,,,,,0,0,0,0,0,0,0,0,0,0,0,0,0,0,0,0,0,0,0.00,0.00,0.00,32
02-04-2023,14:11:08,Location 1,,60.000,0.1000,1,1,1,1,0,0,0,0,99.875,0.30,0,0,0.50,0,0,5.00,0,0,,,,,,,,,,0,0,0,0,0,0,0,0,0,0,0,0,0,0,0,0,0,0,0.00,0.00,0.00,32
02-04-2023,15:12:08,Location 1,,60.000,0.1000,1,1,1,1,0,0,0,0,100,0.30,0,0,0.50,0,0,5.00,0,0,,,,,,,,,,0,0,0,0,0,0,0,0,0,0,0,0,0,0,0,0,0,0,0.00,0.00,0.00,32
02-04-2023,16:13:08,Location 1,,60.000,0.1000,1,1,1,1,0,0,0,0,100.125,0.30,0,0,0.50,0,0,5.00,0,0,,,,,,,,,,0,0,0,0,0,0,0,0,0,0,0,0,0,0,0,0,0,0,0.00,0.00,0.00,32
02-04-2023,17:14:08,Location 1,,60.000,0.1000,1,1,1,1,0,0,0,0,99.8125,0.30,617,0,0.50,31,0,5.00,0,0,,,,,,,,,,617,31,0,"6,170",310,0,"2,17,926","10,949",0,648,31,0,"6,480",310,0,"2,28,875","10,949",0,0.02,0.32,0.32,32
02-04-2023,18:15:08,Location 1,,60.000,0.1000,1,1,1,1,0,0,0,0,99.8125,0.30,29297,1,0.50,1439,1,5.00,2,0,,,,,,,,,,"29,297","1,439",2,"2,93,002","14,391",20,"1,03,47,285","5,08,234",706,"30,738","1,441",2,"3,07,413","14,411",20,"1,08,56,226","5,08,941",706,0.87,14.71,16.52,32
02-04-2023,19:16:08,Location 1,,60.000,0.1000,1,1,1,1,0,0,0,0,99.875,0.30,44851,1,0.50,2123,1,5.00,0,0,,,,,,,,,,"44,851","2,123",0,"4,48,536","21,231",0,"1,58,39,918","7,49,775",0,"46,974","2,123",0,"4,69,767","21,231",0,"1,65,89,693","7,49,775",0,1.33,21.74,21.74,32
02-04-2023,20:17:08,Location 1,,60.000,0.1000,1,1,1,1,0,0,0,0,100.25,0.30,57271,1,0.50,2902,1,5.00,1,0,,,,,,,,,,"57,271","2,902",1,"5,72,739","29,021",10,"2,02,26,102","10,24,884",353,"60,174","2,903",1,"6,01,770","29,031",10,"2,12,51,340","10,25,238",353,1.69,29.59,30.49,32
02-04-2023,21:18:08,Location 1,,60.000,0.1000,1,1,1,1,0,0,0,0,100.1875,0.30,66344,1,0.50,3158,1,5.00,0,0,,,,,,,,,,"66,344","3,158",0,"6,63,424","31,579",0,"2,34,28,612","11,15,211",0,"69,502","3,158",0,"6,95,003","31,579",0,"2,45,43,824","11,15,211",0,1.96,32.32,32.32,32
02-04-2023,22:19:08,Location 1,,60.000,0.1000,1,1,1,1,0,0,0,0,100.25,0.30,82066,1,0.50,4000,1,5.00,0,0,,,,,,,,,,"82,066","4,000",0,"8,20,628","39,998",0,"2,89,80,232","14,12,533",0,"86,066","4,000",0,"8,60,626","39,998",0,"3,03,92,764","14,12,533",0,2.43,40.88,40.88,32
02-04-2023,23:20:08,Location 1,,60.000,0.1000,1,1,1,1,0,0,0,0,99.9375,0.30,0,0,0.50,0,0,5.00,0,0,,,,,,,,,,0,0,0,0,0,0,0,0,0,0,0,0,0,0,0,0,0,0,0.00,0.00,0.00,32
03-04-2023,00:21:08,Location 1,,60.000,0.1000,1,1,1,1,0,0,0,0,100.0625,0.30,0,0,0.50,0,0,5.00,0,0,,,,,,,,,,0,0,0,0,0,0,0,0,0,0,0,0,0,0,0,0,0,0,0.00,0.00,0.00,32
03-04-2023,01:22:08,Location 1,,60.000,0.1000,1,1,1,1,0,0,0,0,99.875,0.30,1,0,0.50,0,0,5.00,0,0,,,,,,,,,,1,0,0,10,0,0,353,0,0,1,0,0,10,0,0,353,0,0,0.00,0.00,0.00,32
03-04-2023,02:23:08,Location 1,,60.000,0.1000,1,1,1,1,0,0,0,0,99.875,0.30,0,0,0.50,0,0,5.00,0,0,,,,,,,,,,0,0,0,0,0,0,0,0,0,0,0,0,0,0,0,0,0,0,0.00,0.00,0.00,32
03-04-2023,03:24:08,Location 1,,60.000,0.1000,1,1,1,1,0,0,0,0,99.875,0.30,0,0,0.50,0,0,5.00,0,0,,,,,,,,,,0,0,0,0,0,0,0,0,0,0,0,0,0,0,0,0,0,0,0.00,0.00,0.00,32
03-04-2023,04:25:08,Location 1,,60.000,0.1000,1,1,1,1,0,0,0,0,99.875,0.30,0,0,0.50,0,0,5.00,0,0,,,,,,,,,,0,0,0,0,0,0,0,0,0,0,0,0,0,0,0,0,0,0,0.00,0.00,0.00,32
03-04-2023,05:26:08,Location 1,,60.000,0.1000,1,1,1,1,0,0,0,0,100.0625,0.30,0,0,0.50,0,0,5.00,0,0,,,,,,,,,,0,0,0,0,0,0,0,0,0,0,0,0,0,0,0,0,0,0,0.00,0.00,0.00,32
03-04-2023,06:27:08,Location 1,,60.000,0.1000,1,1,1,1,0,0,0,0,100.0625,0.30,0,0,0.50,0,0,5.00,0,0,,,,,,,,,,0,0,0,0,0,0,0,0,0,0,0,0,0,0,0,0,0,0,0.00,0.00,0.00,32
03-04-2023,07:28:08,Location 1,,60.000,0.1000,1,1,1,1,0,0,0,0,100.3125,0.30,0,0,0.50,0,0,5.00,0,0,,,,,,,,,,0,0,0,0,0,0,0,0,0,0,0,0,0,0,0,0,0,0,0.00,0.00,0.00,32
03-04-2023,08:29:08,Location 1,,60.000,0.1000,1,1,1,1,0,0,0,0,100.3125,0.30,0,0,0.50,0,0,5.00,0,0,,,,,,,,,,0,0,0,0,0,0,0,0,0,0,0,0,0,0,0,0,0,0,0.00,0.00,0.00,32
03-04-2023,09:30:08,Location 1,,60.000,0.1000,1,1,1,1,0,0,0,0,100.375,0.30,0,0,0.50,0,0,5.00,0,0,,,,,,,,,,0,0,0,0,0,0,0,0,0,0,0,0,0,0,0,0,0,0,0.00,0.00,0.00,32
03-04-2023,10:31:08,Location 1,,60.000,0.1000,1,1,1,1,0,0,0,0,100.4375,0.30,0,0,0.50,0,0,5.00,0,0,,,,,,,,,,0,0,0,0,0,0,0,0,0,0,0,0,0,0,0,0,0,0,0.00,0.00,0.00,32
03-04-2023,11:32:08,Location 1,,60.000,0.1000,1,1,1,1,0,0,0,0,100.1875,0.30,375635,1,0.50,21694,1,5.00,35,1,,,,,,,,,,"3,75,635","21,694",35,"37,56,344","2,16,939",349,"13,26,54,067","76,61,153","12,360","3,97,364","21,729",35,"39,73,632","2,17,288",349,"14,03,27,584","76,73,514","12,360",11.11,219.67,251.27,32
03-04-2023,12:33:08,Location 1,,60.000,0.1000,1,1,1,1,0,0,0,0,100.125,0.30,300476,1,0.50,15270,1,5.00,7,1,,,,,,,,,,"3,00,476","15,270",7,"30,05,298","1,52,727",70,"10,61,31,112","53,93,516","2,472","3,15,753","15,277",7,"31,58,095","1,52,797",70,"11,15,27,104","53,95,989","2,472",8.89,155.72,162.04,32
03-04-2023,13:34:08,Location 1,,60.000,0.1000,1,1,1,1,0,0,0,0,100.125,0.30,457354,1,0.50,24147,1,5.00,36,1,,,,,,,,,,"4,57,354","24,147",36,"45,74,126","2,41,500",360,"16,15,33,761","85,28,527","12,715","4,81,537","24,183",36,"48,15,986","2,41,860",360,"17,00,75,008","85,41,242","12,715",13.53,245.70,278.21,32
03-04-2023,14:35:08,Location 1,,60.000,0.1000,1,1,1,1,0,0,0,0,99.9375,0.30,394243,1,0.50,19785,1,5.00,31,1,,,,,,,,,,"3,94,243","19,785",31,"39,42,697","1,97,863",310,"13,92,35,038","69,87,480","10,948","4,14,059","19,816",31,"41,40,870","1,98,173",310,"14,62,33,472","69,98,429","10,948",11.66,201.88,229.87,32
03-04-2023,15:36:08,Location 1,,60.000,0.1000,1,1,1,1,0,0,0,0,99.75,0.30,387805,1,0.50,21193,1,5.00,36,1,,,,,,,,,,"3,87,805","21,193",36,"38,78,494","2,11,954",360,"13,69,67,734","74,85,095","12,715","4,09,034","21,229",36,"40,90,808","2,12,314",360,"14,44,65,536","74,97,810","12,715",11.47,215.24,247.75,32
03-04-2023,16:37:08,Location 1,,60.000,0.1000,1,1,1,1,0,0,0,0,99.875,0.30,458550,1,0.50,26169,1,5.00,35,1,,,,,,,,,,"4,58,550","26,169",35,"45,86,436","2,61,743",350,"16,19,68,477","92,43,383","12,363","4,84,754","26,204",35,"48,48,529","2,62,093",350,"17,12,24,224","92,55,746","12,363",13.57,265.20,296.81,32
03-04-2023,17:38:08,Location 1,,60.000,0.1000,1,1,1,1,0,0,0,0,100,0.30,62,0,0.50,7,0,5.00,0,0,,,,,,,,,,62,7,0,620,70,0,"21,896","2,472",0,69,7,0,690,70,0,"24,369","2,472",0,0.00,0.07,0.07,32
03-04-2023,18:39:08,Location 1,,60.000,0.1000,1,1,1,1,0,0,0,0,100.0625,0.30,3,0,0.50,0,0,5.00,0,0,,,,,,,,,,3,0,0,30,0,0,"1,060",0,0,3,0,0,30,0,0,"1,060",0,0,0.00,0.00,0.00,32
03-04-2023,19:40:08,Location 1,,60.000,0.1000,1,1,1,1,0,0,0,0,100.125,0.30,1,0,0.50,0,0,5.00,0,0,,,,,,,,,,1,0,0,10,0,0,353,0,0,1,0,0,10,0,0,353,0,0,0.00,0.00,0.00,32
03-04-2023,20:41:08,Location 1,,60.000,0.1000,1,1,1,1,0,0,0,0,100.125,0.30,0,0,0.50,0,0,5.00,0,0,,,,,,,,,,0,0,0,0,0,0,0,0,0,0,0,0,0,0,0,0,0,0,0.00,0.00,0.00,32
03-04-2023,21:42:08,Location 1,,60.000,0.1000,1,1,1,1,0,0,0,0,100.3125,0.30,1,0,0.50,0,0,5.00,0,0,,,,,,,,,,1,0,0,9,0,0,353,0,0,1,0,0,9,0,0,353,0,0,0.00,0.00,0.00,32
03-04-2023,22:43:08,Location 1,,60.000,0.1000,1,1,1,1,0,0,0,0,100.125,0.30,1,0,0.50,0,0,5.00,0,0,,,,,,,,,,1,0,0,10,0,0,353,0,0,1,0,0,10,0,0,353,0,0,0.00,0.00,0.00,32
03-04-2023,23:44:08,Location 1,,60.000,0.1000,1,1,1,1,0,0,0,0,100.25,0.30,0,0,0.50,0,0,5.00,0,0,,,,,,,,,,0,0,0,0,0,0,0,0,0,0,0,0,0,0,0,0,0,0,0.00,0.00,0.00,32
04-04-2023,00:45:08,Location 1,,60.000,0.1000,1,1,1,1,0,0,0,0,100.0625,0.30,1,0,0.50,0,0,5.00,0,0,,,,,,,,,,1,0,0,10,0,0,353,0,0,1,0,0,10,0,0,353,0,0,0.00,0.00,0.00,32
04-04-2023,01:46:08,Location 1,,60.000,0.1000,1,1,1,1,0,0,0,0,100.0625,0.30,0,0,0.50,0,0,5.00,0,0,,,,,,,,,,0,0,0,0,0,0,0,0,0,0,0,0,0,0,0,0,0,0,0.00,0.00,0.00,32
04-04-2023,02:47:08,Location 1,,60.000,0.1000,1,1,1,1,0,0,0,0,100.0625,0.30,0,0,0.50,0,0,5.00,0,0,,,,,,,,,,0,0,0,0,0,0,0,0,0,0,0,0,0,0,0,0,0,0,0.00,0.00,0.00,32
04-04-2023,03:48:08,Location 1,,60.000,0.1000,1,1,1,1,0,0,0,0,100.0625,0.30,0,0,0.50,0,0,5.00,0,0,,,,,,,,,,0,0,0,0,0,0,0,0,0,0,0,0,0,0,0,0,0,0,0.00,0.00,0.00,32
04-04-2023,04:49:08,Location 1,,60.000,0.1000,1,1,1,1,0,0,0,0,100.0625,0.30,0,0,0.50,0,0,5.00,0,0,,,,,,,,,,0,0,0,0,0,0,0,0,0,0,0,0,0,0,0,0,0,0,0.00,0.00,0.00,32
04-04-2023,05:50:08,Location 1,,60.000,0.1000,1,1,1,1,0,0,0,0,100.125,0.30,1,0,0.50,0,0,5.00,0,0,,,,,,,,,,1,0,0,10,0,0,353,0,0,1,0,0,10,0,0,353,0,0,0.00,0.00,0.00,32
04-04-2023,06:51:08,Location 1,,60.000,0.1000,1,1,1,1,0,0,0,0,100.25,0.30,0,0,0.50,0,0,5.00,0,0,,,,,,,,,,0,0,0,0,0,0,0,0,0,0,0,0,0,0,0,0,0,0,0.00,0.00,0.00,32
04-04-2023,07:52:08,Location 1,,60.000,0.1000,1,1,1,1,0,0,0,0,100.375,0.30,0,0,0.50,0,0,5.00,0,0,,,,,,,,,,0,0,0,0,0,0,0,0,0,0,0,0,0,0,0,0,0,0,0.00,0.00,0.00,32
04-04-2023,08:53:08,Location 1,,60.000,0.1000,1,1,1,1,0,0,0,0,100.4375,0.30,0,0,0.50,0,0,5.00,0,0,,,,,,,,,,0,0,0,0,0,0,0,0,0,0,0,0,0,0,0,0,0,0,0.00,0.00,0.00,32
04-04-2023,09:54:08,Location 1,,60.000,0.1000,1,1,1,1,0,0,0,0,100.5625,0.30,0,0,0.50,0,0,5.00,0,0,,,,,,,,,,0,0,0,0,0,0,0,0,0,0,0,0,0,0,0,0,0,0,0.00,0.00,0.00,32
04-04-2023,10:55:08,Location 1,,60.000,0.1000,1,1,1,1,0,0,0,0,100.375,0.30,0,0,0.50,0,0,5.00,0,0,,,,,,,,,,0,0,0,0,0,0,0,0,0,0,0,0,0,0,0,0,0,0,0.00,0.00,0.00,32
04-04-2023,11:56:08,Location 1,,60.000,0.1000,1,1,1,1,0,0,0,0,100.3125,0.30,1,0,0.50,0,0,5.00,0,0,,,,,,,,,,1,0,0,9,0,0,353,0,0,1,0,0,9,0,0,353,0,0,0.00,0.00,0.00,32
04-04-2023,12:57:08,Location 1,,60.000,0.1000,1,1,1,1,0,0,0,0,100.1875,0.30,0,0,0.50,0,0,5.00,0,0,,,,,,,,,,0,0,0,0,0,0,0,0,0,0,0,0,0,0,0,0,0,0,0.00,0.00,0.00,32
04-04-2023,13:58:08,Location 1,,60.000,0.1000,1,1,1,1,0,0,0,0,99.9375,0.30,1,0,0.50,0,0,5.00,0,0,,,,,,,,,,1,0,0,10,0,0,353,0,0,1,0,0,10,0,0,353,0,0,0.00,0.00,0.00,32
04-04-2023,14:59:08,Location 1,,60.000,0.1000,1,1,1,1,0,0,0,0,100.125,0.30,0,0,0.50,0,0,5.00,0,0,,,,,,,,,,0,0,0,0,0,0,0,0,0,0,0,0,0,0,0,0,0,0,0.00,0.00,0.00,32
04-04-2023,16:00:08,Location 1,,60.000,0.1000,1,1,1,1,0,0,0,0,99.8125,0.30,0,0,0.50,0,0,5.00,0,0,,,,,,,,,,0,0,0,0,0,0,0,0,0,0,0,0,0,0,0,0,0,0,0.00,0.00,0.00,32
04-04-2023,17:01:08,Location 1,,60.000,0.1000,1,1,1,1,0,0,0,0,100.0625,0.30,0,0,0.50,0,0,5.00,0,0,,,,,,,,,,0,0,0,0,0,0,0,0,0,0,0,0,0,0,0,0,0,0,0.00,0.00,0.00,32
04-04-2023,18:02:08,Location 1,,60.000,0.1000,1,1,1,1,0,0,0,0,100.1875,0.30,0,0,0.50,0,0,5.00,0,0,,,,,,,,,,0,0,0,0,0,0,0,0,0,0,0,0,0,0,0,0,0,0,0.00,0.00,0.00,32
04-04-2023,19:03:08,Location 1,,60.000,0.1000,1,1,1,1,0,0,0,0,100.125,0.30,0,0,0.50,0,0,5.00,0,0,,,,,,,,,,0,0,0,0,0,0,0,0,0,0,0,0,0,0,0,0,0,0,0.00,0.00,0.00,32
04-04-2023,20:04:08,Location 1,,60.000,0.1000,1,1,1,1,0,0,0,0,100.25,0.30,0,0,0.50,0,0,5.00,0,0,,,,,,,,,,0,0,0,0,0,0,0,0,0,0,0,0,0,0,0,0,0,0,0.00,0.00,0.00,32
04-04-2023,21:05:08,Location 1,,60.000,0.1000,1,1,1,1,0,0,0,0,100,0.30,0,0,0.50,0,0,5.00,0,0,,,,,,,,,,0,0,0,0,0,0,0,0,0,0,0,0,0,0,0,0,0,0,0.00,0.00,0.00,32
04-04-2023,22:06:08,Location 1,,60.000,0.1000,1,1,1,1,0,0,0,0,100.25,0.30,0,0,0.50,0,0,5.00,0,0,,,,,,,,,,0,0,0,0,0,0,0,0,0,0,0,0,0,0,0,0,0,0,0.00,0.00,0.00,32
04-04-2023,23:07:08,Location 1,,60.000,0.1000,1,1,1,1,0,0,0,0,100.3125,0.30,0,0,0.50,0,0,5.00,0,0,,,,,,,,,,0,0,0,0,0,0,0,0,0,0,0,0,0,0,0,0,0,0,0.00,0.00,0.00,32
05-04-2023,00:08:08,Location 1,,60.000,0.1000,1,1,1,1,0,0,0,0,100.125,0.30,0,0,0.50,0,0,5.00,0,0,,,,,,,,,,0,0,0,0,0,0,0,0,0,0,0,0,0,0,0,0,0,0,0.00,0.00,0.00,32
05-04-2023,01:09:08,Location 1,,60.000,0.1000,1,1,1,1,0,0,0,0,100.125,0.30,0,0,0.50,0,0,5.00,0,0,,,,,,,,,,0,0,0,0,0,0,0,0,0,0,0,0,0,0,0,0,0,0,0.00,0.00,0.00,32
05-04-2023,02:10:08,Location 1,,60.000,0.1000,1,1,1,1,0,0,0,0,100,0.30,0,0,0.50,0,0,5.00,0,0,,,,,,,,,,0,0,0,0,0,0,0,0,0,0,0,0,0,0,0,0,0,0,0.00,0.00,0.00,32
05-04-2023,03:11:08,Location 1,,60.000,0.1000,1,1,1,1,0,0,0,0,100.0625,0.30,0,0,0.50,0,0,5.00,0,0,,,,,,,,,,0,0,0,0,0,0,0,0,0,0,0,0,0,0,0,0,0,0,0.00,0.00,0.00,32
05-04-2023,04:12:08,Location 1,,60.000,0.1000,1,1,1,1,0,0,0,0,100.0625,0.30,0,0,0.50,0,0,5.00,0,0,,,,,,,,,,0,0,0,0,0,0,0,0,0,0,0,0,0,0,0,0,0,0,0.00,0.00,0.00,32
05-04-2023,05:13:08,Location 1,,60.000,0.1000,1,1,1,1,0,0,0,0,100.125,0.30,1,0,0.50,0,0,5.00,0,0,,,,,,,,,,1,0,0,10,0,0,353,0,0,1,0,0,10,0,0,353,0,0,0.00,0.00,0.00,32
05-04-2023,06:14:08,Location 1,,60.000,0.1000,1,1,1,1,0,0,0,0,100,0.30,0,0,0.50,0,0,5.00,0,0,,,,,,,,,,0,0,0,0,0,0,0,0,0,0,0,0,0,0,0,0,0,0,0.00,0.00,0.00,32
05-04-2023,07:15:08,Location 1,,60.000,0.1000,1,1,1,1,0,0,0,0,100.125,0.30,0,0,0.50,0,0,5.00,0,0,,,,,,,,,,0,0,0,0,0,0,0,0,0,0,0,0,0,0,0,0,0,0,0.00,0.00,0.00,32
05-04-2023,08:16:08,Location 1,,60.000,0.1000,1,1,1,1,0,0,0,0,100.375,0.30,0,0,0.50,0,0,5.00,0,0,,,,,,,,,,0,0,0,0,0,0,0,0,0,0,0,0,0,0,0,0,0,0,0.00,0.00,0.00,32
05-04-2023,09:17:08,Location 1,,60.000,0.1000,1,1,1,1,0,0,0,0,100.125,0.30,1,0,0.50,0,0,5.00,0,0,,,,,,,,,,1,0,0,10,0,0,353,0,0,1,0,0,10,0,0,353,0,0,0.00,0.00,0.00,32
05-04-2023,10:18:08,Location 1,,60.000,0.1000,1,1,1,1,0,0,0,0,100.375,0.30,0,0,0.50,0,0,5.00,0,0,,,,,,,,,,0,0,0,0,0,0,0,0,0,0,0,0,0,0,0,0,0,0,0.00,0.00,0.00,32
05-04-2023,11:19:08,Location 1,,60.000,0.1000,1,1,1,1,0,0,0,0,100.3125,0.30,0,0,0.50,0,0,5.00,0,0,,,,,,,,,,0,0,0,0,0,0,0,0,0,0,0,0,0,0,0,0,0,0,0.00,0.00,0.00,32
05-04-2023,12:20:08,Location 1,,60.000,0.1000,1,1,1,1,0,0,0,0,100,0.30,4,0,0.50,2,0,5.00,0,0,,,,,,,,,,4,2,0,40,20,0,"1,413",706,0,6,2,0,60,20,0,"2,119",706,0,0.00,0.02,0.02,32
05-04-2023,13:21:08,Location 1,,60.000,0.1000,1,1,1,1,0,0,0,0,100.0625,0.30,0,0,0.50,0,0,5.00,0,0,,,,,,,,,,0,0,0,0,0,0,0,0,0,0,0,0,0,0,0,0,0,0,0.00,0.00,0.00,32
05-04-2023,14:22:08,Location 1,,60.000,0.1000,1,1,1,1,0,0,0,0,99.8125,0.30,0,0,0.50,0,0,5.00,0,0,,,,,,,,,,0,0,0,0,0,0,0,0,0,0,0,0,0,0,0,0,0,0,0.00,0.00,0.00,32
05-04-2023,15:23:08,Location 1,,60.000,0.1000,1,1,1,1,0,0,0,0,99.875,0.30,0,0,0.50,0,0,5.00,0,0,,,,,,,,,,0,0,0,0,0,0,0,0,0,0,0,0,0,0,0,0,0,0,0.00,0.00,0.00,32
05-04-2023,16:24:08,Location 1,,60.000,0.1000,1,1,1,1,0,0,0,0,99.8125,0.30,0,0,0.50,0,0,5.00,0,0,,,,,,,,,,0,0,0,0,0,0,0,0,0,0,0,0,0,0,0,0,0,0,0.00,0.00,0.00,32
05-04-2023,17:25:08,Location 1,,60.000,0.1000,1,1,1,1,0,0,0,0,100.0625,0.30,2,0,0.50,0,0,5.00,0,0,,,,,,,,,,2,0,0,20,0,0,706,0,0,2,0,0,20,0,0,706,0,0,0.00,0.00,0.00,32
05-04-2023,18:26:08,Location 1,,60.000,0.1000,1,1,1,1,0,0,0,0,99.9375,0.30,0,0,0.50,0,0,5.00,0,0,,,,,,,,,,0,0,0,0,0,0,0,0,0,0,0,0,0,0,0,0,0,0,0.00,0.00,0.00,32
05-04-2023,19:27:08,Location 1,,60.000,0.1000,1,1,1,1,0,0,0,0,100.0625,0.30,1,0,0.50,0,0,5.00,0,0,,,,,,,,,,1,0,0,10,0,0,353,0,0,1,0,0,10,0,0,353,0,0,0.00,0.00,0.00,32
05-04-2023,20:28:08,Location 1,,60.000,0.1000,1,1,1,1,0,0,0,0,100.1875,0.30,0,0,0.50,0,0,5.00,0,0,,,,,,,,,,0,0,0,0,0,0,0,0,0,0,0,0,0,0,0,0,0,0,0.00,0.00,0.00,32
05-04-2023,21:29:08,Location 1,,60.000,0.1000,1,1,1,1,0,0,0,0,100.25,0.30,0,0,0.50,0,0,5.00,0,0,,,,,,,,,,0,0,0,0,0,0,0,0,0,0,0,0,0,0,0,0,0,0,0.00,0.00,0.00,32
05-04-2023,22:30:08,Location 1,,60.000,0.1000,1,1,1,1,0,0,0,0,100.25,0.30,0,0,0.50,0,0,5.00,0,0,,,,,,,,,,0,0,0,0,0,0,0,0,0,0,0,0,0,0,0,0,0,0,0.00,0.00,0.00,32
05-04-2023,23:31:08,Location 1,,60.000,0.1000,1,1,1,1,0,0,0,0,100.25,0.30,0,0,0.50,0,0,5.00,0,0,,,,,,,,,,0,0,0,0,0,0,0,0,0,0,0,0,0,0,0,0,0,0,0.00,0.00,0.00,32
06-04-2023,00:32:08,Location 1,,60.000,0.1000,1,1,1,1,0,0,0,0,100.125,0.30,1,0,0.50,0,0,5.00,0,0,,,,,,,,,,1,0,0,10,0,0,353,0,0,1,0,0,10,0,0,353,0,0,0.00,0.00,0.00,32
06-04-2023,01:33:08,Location 1,,60.000,0.1000,1,1,1,1,0,0,0,0,100.25,0.30,0,0,0.50,0,0,5.00,0,0,,,,,,,,,,0,0,0,0,0,0,0,0,0,0,0,0,0,0,0,0,0,0,0.00,0.00,0.00,32
06-04-2023,02:34:08,Location 1,,60.000,0.1000,1,1,1,1,0,0,0,0,100.25,0.30,1,0,0.50,0,0,5.00,0,0,,,,,,,,,,1,0,0,10,0,0,353,0,0,1,0,0,10,0,0,353,0,0,0.00,0.00,0.00,32
06-04-2023,03:35:08,Location 1,,60.000,0.1000,1,1,1,1,0,0,0,0,100.0625,0.30,0,0,0.50,0,0,5.00,0,0,,,,,,,,,,0,0,0,0,0,0,0,0,0,0,0,0,0,0,0,0,0,0,0.00,0.00,0.00,32
06-04-2023,04:36:08,Location 1,,60.000,0.1000,1,1,1,1,0,0,0,0,100.1875,0.30,1,0,0.50,0,0,5.00,0,0,,,,,,,,,,1,0,0,10,0,0,353,0,0,1,0,0,10,0,0,353,0,0,0.00,0.00,0.00,32
06-04-2023,05:37:08,Location 1,,60.000,0.1000,1,1,1,1,0,0,0,0,100.25,0.30,1,0,0.50,0,0,5.00,0,0,,,,,,,,,,1,0,0,10,0,0,353,0,0,1,0,0,10,0,0,353,0,0,0.00,0.00,0.00,32
06-04-2023,06:38:08,Location 1,,60.000,0.1000,1,1,1,1,0,0,0,0,100.1875,0.30,0,0,0.50,0,0,5.00,0,0,,,,,,,,,,0,0,0,0,0,0,0,0,0,0,0,0,0,0,0,0,0,0,0.00,0.00,0.00,32
06-04-2023,07:39:08,Location 1,,60.000,0.1000,1,1,1,1,0,0,0,0,100.375,0.30,0,0,0.50,0,0,5.00,0,0,,,,,,,,,,0,0,0,0,0,0,0,0,0,0,0,0,0,0,0,0,0,0,0.00,0.00,0.00,32
06-04-2023,08:40:08,Location 1,,60.000,0.1000,1,1,1,1,0,0,0,0,100.625,0.30,0,0,0.50,0,0,5.00,0,0,,,,,,,,,,0,0,0,0,0,0,0,0,0,0,0,0,0,0,0,0,0,0,0.00,0.00,0.00,32
06-04-2023,09:41:08,Location 1,,60.000,0.1000,1,1,1,1,0,0,0,0,100.4375,0.30,0,0,0.50,0,0,5.00,0,0,,,,,,,,,,0,0,0,0,0,0,0,0,0,0,0,0,0,0,0,0,0,0,0.00,0.00,0.00,32
06-04-2023,10:42:08,Location 1,,60.000,0.1000,1,1,1,1,0,0,0,0,100.75,0.30,1,0,0.50,0,0,5.00,0,0,,,,,,,,,,1,0,0,10,0,0,353,0,0,1,0,0,10,0,0,353,0,0,0.00,0.00,0.00,32
06-04-2023,11:43:08,Location 1,,60.000,0.1000,1,1,1,1,0,0,0,0,100.4375,0.30,0,0,0.50,0,0,5.00,0,0,,,,,,,,,,0,0,0,0,0,0,0,0,0,0,0,0,0,0,0,0,0,0,0.00,0.00,0.00,32
06-04-2023,12:44:08,Location 1,,60.000,0.1000,1,1,1,1,0,0,0,0,100.375,0.30,0,0,0.50,0,0,5.00,0,0,,,,,,,,,,0,0,0,0,0,0,0,0,0,0,0,0,0,0,0,0,0,0,0.00,0.00,0.00,32
06-04-2023,13:45:08,Location 1,,60.000,0.1000,1,1,1,1,0,0,0,0,100.0625,0.30,0,0,0.50,1,0,5.00,0,0,,,,,,,,,,0,1,0,0,10,0,0,353,0,1,1,0,10,10,0,353,353,0,0.00,0.01,0.01,32
06-04-2023,14:46:08,Location 1,,60.000,0.1000,1,1,1,1,0,0,0,0,100.1875,0.30,0,0,0.50,0,0,5.00,0,0,,,,,,,,,,0,0,0,0,0,0,0,0,0,0,0,0,0,0,0,0,0,0,0.00,0.00,0.00,32
06-04-2023,15:47:08,Location 1,,60.000,0.1000,1,1,1,1,0,0,0,0,99.875,0.30,1,0,0.50,0,0,5.00,0,0,,,,,,,,,,1,0,0,10,0,0,353,0,0,1,0,0,10,0,0,353,0,0,0.00,0.00,0.00,32
06-04-2023,16:48:08,Location 1,,60.000,0.1000,1,1,1,1,0,0,0,0,100.125,0.30,0,0,0.50,0,0,5.00,0,0,,,,,,,,,,0,0,0,0,0,0,0,0,0,0,0,0,0,0,0,0,0,0,0.00,0.00,0.00,32
06-04-2023,17:49:08,Location 1,,60.000,0.1000,1,1,1,1,0,0,0,0,100.4375,0.30,0,0,0.50,0,0,5.00,0,0,,,,,,,,,,0,0,0,0,0,0,0,0,0,0,0,0,0,0,0,0,0,0,0.00,0.00,0.00,32
06-04-2023,18:50:08,Location 1,,60.000,0.1000,1,1,1,1,0,0,0,0,100.375,0.30,0,0,0.50,0,0,5.00,0,0,,,,,,,,,,0,0,0,0,0,0,0,0,0,0,0,0,0,0,0,0,0,0,0.00,0.00,0.00,32
06-04-2023,19:51:08,Location 1,,60.000,0.1000,1,1,1,1,0,0,0,0,100.4375,0.30,0,0,0.50,0,0,5.00,0,0,,,,,,,,,,0,0,0,0,0,0,0,0,0,0,0,0,0,0,0,0,0,0,0.00,0.00,0.00,32
06-04-2023,20:52:08,Location 1,,60.000,0.1000,1,1,1,1,0,0,0,0,100.5625,0.30,0,0,0.50,0,0,5.00,0,0,,,,,,,,,,0,0,0,0,0,0,0,0,0,0,0,0,0,0,0,0,0,0,0.00,0.00,0.00,32
06-04-2023,21:53:08,Location 1,,60.000,0.1000,1,1,1,1,0,0,0,0,100.375,0.30,0,0,0.50,0,0,5.00,0,0,,,,,,,,,,0,0,0,0,0,0,0,0,0,0,0,0,0,0,0,0,0,0,0.00,0.00,0.00,32
06-04-2023,22:54:08,Location 1,,60.000,0.1000,1,1,1,1,0,0,0,0,100.75,0.30,0,0,0.50,0,0,5.00,0,0,,,,,,,,,,0,0,0,0,0,0,0,0,0,0,0,0,0,0,0,0,0,0,0.00,0.00,0.00,32
06-04-2023,23:55:08,Location 1,,60.000,0.1000,1,1,1,1,0,0,0,0,100.5625,0.30,0,0,0.50,0,0,5.00,0,0,,,,,,,,,,0,0,0,0,0,0,0,0,0,0,0,0,0,0,0,0,0,0,0.00,0.00,0.00,32
07-04-2023,00:56:08,Location 1,,60.000,0.1000,1,1,1,1,0,0,0,0,100.5625,0.30,2,0,0.50,0,0,5.00,0,0,,,,,,,,,,2,0,0,20,0,0,706,0,0,2,0,0,20,0,0,706,0,0,0.00,0.00,0.00,32
07-04-2023,01:57:08,Location 1,,60.000,0.1000,1,1,1,1,0,0,0,0,100.375,0.30,0,0,0.50,0,0,5.00,0,0,,,,,,,,,,0,0,0,0,0,0,0,0,0,0,0,0,0,0,0,0,0,0,0.00,0.00,0.00,32
07-04-2023,02:58:08,Location 1,,60.000,0.1000,1,1,1,1,0,0,0,0,100.3125,0.30,0,0,0.50,0,0,5.00,0,0,,,,,,,,,,0,0,0,0,0,0,0,0,0,0,0,0,0,0,0,0,0,0,0.00,0.00,0.00,32
07-04-2023,03:59:08,Location 1,,60.000,0.1000,1,1,1,1,0,0,0,0,100.375,0.30,0,0,0.50,0,0,5.00,0,0,,,,,,,,,,0,0,0,0,0,0,0,0,0,0,0,0,0,0,0,0,0,0,0.00,0.00,0.00,32
07-04-2023,05:00:08,Location 1,,60.000,0.1000,1,1,1,1,0,0,0,0,100.5,0.30,0,0,0.50,0,0,5.00,0,0,,,,,,,,,,0,0,0,0,0,0,0,0,0,0,0,0,0,0,0,0,0,0,0.00,0.00,0.00,32
07-04-2023,06:01:08,Location 1,,60.000,0.1000,1,1,1,1,0,0,0,0,100.5,0.30,0,0,0.50,0,0,5.00,0,0,,,,,,,,,,0,0,0,0,0,0,0,0,0,0,0,0,0,0,0,0,0,0,0.00,0.00,0.00,32
07-04-2023,07:02:08,Location 1,,60.000,0.1000,1,1,1,1,0,0,0,0,100.625,0.30,0,0,0.50,0,0,5.00,0,0,,,,,,,,,,0,0,0,0,0,0,0,0,0,0,0,0,0,0,0,0,0,0,0.00,0.00,0.00,32
07-04-2023,08:03:08,Location 1,,60.000,0.1000,1,1,1,1,0,0,0,0,100.6875,0.30,0,0,0.50,0,0,5.00,0,0,,,,,,,,,,0,0,0,0,0,0,0,0,0,0,0,0,0,0,0,0,0,0,0.00,0.00,0.00,32
07-04-2023,09:04:08,Location 1,,60.000,0.1000,1,1,1,1,0,0,0,0,100.6875,0.30,0,0,0.50,0,0,5.00,0,0,,,,,,,,,,0,0,0,0,0,0,0,0,0,0,0,0,0,0,0,0,0,0,0.00,0.00,0.00,32
07-04-2023,10:05:08,Location 1,,60.000,0.1000,1,1,1,1,0,0,0,0,100.6875,0.30,0,0,0.50,0,0,5.00,0,0,,,,,,,,,,0,0,0,0,0,0,0,0,0,0,0,0,0,0,0,0,0,0,0.00,0.00,0.00,32
07-04-2023,11:06:08,Location 1,,60.000,0.1000,1,1,1,1,0,0,0,0,100.5,0.30,0,0,0.50,0,0,5.00,0,0,,,,,,,,,,0,0,0,0,0,0,0,0,0,0,0,0,0,0,0,0,0,0,0.00,0.00,0.00,32
07-04-2023,12:07:08,Location 1,,60.000,0.1000,1,1,1,1,0,0,0,0,100.5625,0.30,0,0,0.50,0,0,5.00,0,0,,,,,,,,,,0,0,0,0,0,0,0,0,0,0,0,0,0,0,0,0,0,0,0.00,0.00,0.00,32
07-04-2023,13:08:08,Location 1,,60.000,0.1000,1,1,1,1,0,0,0,0,100.625,0.30,0,0,0.50,0,0,5.00,0,0,,,,,,,,,,0,0,0,0,0,0,0,0,0,0,0,0,0,0,0,0,0,0,0.00,0.00,0.00,32
07-04-2023,14:09:08,Location 1,,60.000,0.1000,1,1,1,1,0,0,0,0,100.4375,0.30,1,0,0.50,0,0,5.00,0,0,,,,,,,,,,1,0,0,10,0,0,353,0,0,1,0,0,10,0,0,353,0,0,0.00,0.00,0.00,32
07-04-2023,15:10:08,Location 1,,60.000,0.1000,1,1,1,1,0,0,0,0,100.3125,0.30,384994,1,0.50,18242,1,5.00,75,1,,,,,,,,,,"3,84,994","18,242",75,"38,49,841","1,82,415",749,"13,59,55,880","64,41,937","26,485","4,03,311","18,317",75,"40,33,005","1,83,164",749,"14,24,24,288","64,68,423","26,485",11.39,186.76,254.47,32
07-04-2023,16:11:08,Location 1,,60.000,0.1000,1,1,1,1,0,0,0,0,100.1875,0.30,6,0,0.50,0,0,5.00,0,0,,,,,,,,,,6,0,0,60,0,0,"2,119",0,0,6,0,0,60,0,0,"2,119",0,0,0.00,0.00,0.00,32
07-04-2023,17:12:08,Location 1,,60.000,0.1000,1,1,1,1,0,0,0,0,100.375,0.30,0,0,0.50,0,0,5.00,0,0,,,,,,,,,,0,0,0,0,0,0,0,0,0,0,0,0,0,0,0,0,0,0,0.00,0.00,0.00,32
07-04-2023,18:13:08,Location 1,,60.000,0.1000,1,1,1,1,0,0,0,0,100.25,0.30,2,0,0.50,2,0,5.00,0,0,,,,,,,,,,2,2,0,20,20,0,706,706,0,4,2,0,40,20,0,"1,413",706,0,0.00,0.02,0.02,32
07-04-2023,19:14:08,Location 1,,60.000,0.1000,1,1,1,1,0,0,0,0,100.5625,0.30,0,0,0.50,0,0,5.00,0,0,,,,,,,,,,0,0,0,0,0,0,0,0,0,0,0,0,0,0,0,0,0,0,0.00,0.00,0.00,32
07-04-2023,20:15:08,Location 1,,60.000,0.1000,1,1,1,1,0,0,0,0,100.6875,0.30,0,0,0.50,0,0,5.00,0,0,,,,,,,,,,0,0,0,0,0,0,0,0,0,0,0,0,0,0,0,0,0,0,0.00,0.00,0.00,32
07-04-2023,21:16:08,Location 1,,60.000,0.1000,1,1,1,1,0,0,0,0,100.5625,0.30,0,0,0.50,0,0,5.00,0,0,,,,,,,,,,0,0,0,0,0,0,0,0,0,0,0,0,0,0,0,0,0,0,0.00,0.00,0.00,32
07-04-2023,22:17:08,Location 1,,60.000,0.1000,1,1,1,1,0,0,0,0,100.5,0.30,0,0,0.50,0,0,5.00,0,0,,,,,,,,,,0,0,0,0,0,0,0,0,0,0,0,0,0,0,0,0,0,0,0.00,0.00,0.00,32
07-04-2023,23:18:08,Location 1,,60.000,0.1000,1,1,1,1,0,0,0,0,100.5625,0.30,0,0,0.50,0,0,5.00,0,0,,,,,,,,,,0,0,0,0,0,0,0,0,0,0,0,0,0,0,0,0,0,0,0.00,0.00,0.00,32
08-04-2023,00:19:08,Location 1,,60.000,0.1000,1,1,1,1,0,0,0,0,100.6875,0.30,0,0,0.50,0,0,5.00,0,0,,,,,,,,,,0,0,0,0,0,0,0,0,0,0,0,0,0,0,0,0,0,0,0.00,0.00,0.00,32
08-04-2023,01:20:08,Location 1,,60.000,0.1000,1,1,1,1,0,0,0,0,100.5625,0.30,0,0,0.50,0,0,5.00,0,0,,,,,,,,,,0,0,0,0,0,0,0,0,0,0,0,0,0,0,0,0,0,0,0.00,0.00,0.00,32
08-04-2023,02:21:08,Location 1,,60.000,0.1000,1,1,1,1,0,0,0,0,100.625,0.30,0,0,0.50,0,0,5.00,0,0,,,,,,,,,,0,0,0,0,0,0,0,0,0,0,0,0,0,0,0,0,0,0,0.00,0.00,0.00,32
08-04-2023,03:22:08,Location 1,,60.000,0.1000,1,1,1,1,0,0,0,0,100.5625,0.30,0,0,0.50,0,0,5.00,0,0,,,,,,,,,,0,0,0,0,0,0,0,0,0,0,0,0,0,0,0,0,0,0,0.00,0.00,0.00,32
08-04-2023,04:23:08,Location 1,,60.000,0.1000,1,1,1,1,0,0,0,0,100.6875,0.30,0,0,0.50,0,0,5.00,0,0,,,,,,,,,,0,0,0,0,0,0,0,0,0,0,0,0,0,0,0,0,0,0,0.00,0.00,0.00,32
08-04-2023,05:24:08,Location 1,,60.000,0.1000,1,1,1,1,0,0,0,0,100.4375,0.30,0,0,0.50,0,0,5.00,0,0,,,,,,,,,,0,0,0,0,0,0,0,0,0,0,0,0,0,0,0,0,0,0,0.00,0.00,0.00,32
08-04-2023,06:25:08,Location 1,,60.000,0.1000,1,1,1,1,0,0,0,0,100.75,0.30,0,0,0.50,0,0,5.00,0,0,,,,,,,,,,0,0,0,0,0,0,0,0,0,0,0,0,0,0,0,0,0,0,0.00,0.00,0.00,32
08-04-2023,07:26:08,Location 1,,60.000,0.1000,1,1,1,1,0,0,0,0,100.875,0.30,0,0,0.50,0,0,5.00,0,0,,,,,,,,,,0,0,0,0,0,0,0,0,0,0,0,0,0,0,0,0,0,0,0.00,0.00,0.00,32
08-04-2023,08:27:08,Location 1,,60.000,0.1000,1,1,1,1,0,0,0,0,101,0.30,0,0,0.50,0,0,5.00,0,0,,,,,,,,,,0,0,0,0,0,0,0,0,0,0,0,0,0,0,0,0,0,0,0.00,0.00,0.00,32
08-04-2023,09:28:08,Location 1,,60.000,0.1000,1,1,1,1,0,0,0,0,101,0.30,1,0,0.50,0,0,5.00,0,0,,,,,,,,,,1,0,0,10,0,0,353,0,0,1,0,0,10,0,0,353,0,0,0.00,0.00,0.00,32
08-04-2023,10:29:08,Location 1,,60.000,0.1000,1,1,1,1,0,0,0,0,100.75,0.30,0,0,0.50,0,0,5.00,0,0,,,,,,,,,,0,0,0,0,0,0,0,0,0,0,0,0,0,0,0,0,0,0,0.00,0.00,0.00,32
08-04-2023,11:30:08,Location 1,,60.000,0.1000,1,1,1,1,0,0,0,0,100.75,0.30,0,0,0.50,0,0,5.00,0,0,,,,,,,,,,0,0,0,0,0,0,0,0,0,0,0,0,0,0,0,0,0,0,0.00,0.00,0.00,32
08-04-2023,12:31:08,Location 1,,60.000,0.1000,1,1,1,1,0,0,0,0,100.625,0.30,6076,1,0.50,198,0,5.00,1,0,,,,,,,,,,"6,076",198,1,"60,770","1,980",10,"21,46,098","69,935",353,"6,275",199,1,"62,760","1,990",10,"22,16,387","70,289",353,0.18,2.08,2.98,32
08-04-2023,13:32:08,Location 1,,60.000,0.1000,1,1,1,1,0,0,0,0,100.5625,0.30,0,0,0.50,0,0,5.00,0,0,,,,,,,,,,0,0,0,0,0,0,0,0,0,0,0,0,0,0,0,0,0,0,0.00,0.00,0.00,32
08-04-2023,14:33:08,Location 1,,60.000,0.1000,1,1,1,1,0,0,0,0,100.375,0.30,0,0,0.50,0,0,5.00,0,0,,,,,,,,,,0,0,0,0,0,0,0,0,0,0,0,0,0,0,0,0,0,0,0.00,0.00,0.00,32
08-04-2023,14:50:30,Location 1,,60.000,0.1000,1,1,1,1,0,0,0,0,100.5,0.30,35,0,0.50,86,0,5.00,1,0,,,,,,,,,,35,86,1,350,860,10,"12,362","30,376",353,122,87,1,"1,220",870,10,"43,092","30,729",353,0.00,0.83,1.73,32
08-04-2023,15:51:30,Location 1,,60.000,0.1000,1,1,1,1,0,0,0,0,100.625,0.30,142,0,0.50,8,0,5.00,0,0,,,,,,,,,,142,8,0,"1,420",80,0,"50,157","2,826",0,150,8,0,"1,500",80,0,"52,983","2,826",0,0.00,0.08,0.08,32
08-04-2023,16:52:30,Location 1,,60.000,0.1000,1,1,1,1,0,0,0,0,100.5,0.30,0,0,0.50,0,0,5.00,0,0,,,,,,,,,,0,0,0,0,0,0,0,0,0,0,0,0,0,0,0,0,0,0,0.00,0.00,0.00,32
08-04-2023,17:53:30,Location 1,,60.000,0.1000,1,1,1,1,0,0,0,0,100.375,0.30,0,0,0.50,1,0,5.00,0,0,,,,,,,,,,0,1,0,0,10,0,0,353,0,1,1,0,10,10,0,353,353,0,0.00,0.01,0.01,32
08-04-2023,18:54:30,Location 1,,60.000,0.1000,1,1,1,1,0,0,0,0,100.6875,0.30,0,0,0.50,0,0,5.00,0,0,,,,,,,,,,0,0,0,0,0,0,0,0,0,0,0,0,0,0,0,0,0,0,0.00,0.00,0.00,32
08-04-2023,19:55:30,Location 1,,60.000,0.1000,1,1,1,1,0,0,0,0,100.75,0.30,0,0,0.50,0,0,5.00,0,0,,,,,,,,,,0,0,0,0,0,0,0,0,0,0,0,0,0,0,0,0,0,0,0.00,0.00,0.00,32
08-04-2023,20:56:30,Location 1,,60.000,0.1000,1,1,1,1,0,0,0,0,101.0625,0.30,0,0,0.50,0,0,5.00,0,0,,,,,,,,,,0,0,0,0,0,0,0,0,0,0,0,0,0,0,0,0,0,0,0.00,0.00,0.00,32
08-04-2023,21:57:30,Location 1,,60.000,0.1000,1,1,1,1,0,0,0,0,101.0625,0.30,0,0,0.50,0,0,5.00,0,0,,,,,,,,,,0,0,0,0,0,0,0,0,0,0,0,0,0,0,0,0,0,0,0.00,0.00,0.00,32
08-04-2023,22:58:30,Location 1,,60.000,0.1000,1,1,1,1,0,0,0,0,101,0.30,0,0,0.50,0,0,5.00,0,0,,,,,,,,,,0,0,0,0,0,0,0,0,0,0,0,0,0,0,0,0,0,0,0.00,0.00,0.00,32
08-04-2023,23:59:30,Location 1,,60.000,0.1000,1,1,1,1,0,0,0,0,100.8125,0.30,1,0,0.50,0,0,5.00,0,0,,,,,,,,,,1,0,0,10,0,0,353,0,0,1,0,0,10,0,0,353,0,0,0.00,0.00,0.00,32
09-04-2023,01:00:30,Location 1,,60.000,0.1000,1,1,1,1,0,0,0,0,100.875,0.30,1,0,0.50,0,0,5.00,0,0,,,,,,,,,,1,0,0,10,0,0,353,0,0,1,0,0,10,0,0,353,0,0,0.00,0.00,0.00,32
09-04-2023,02:01:30,Location 1,,60.000,0.1000,1,1,1,1,0,0,0,0,100.875,0.30,0,0,0.50,0,0,5.00,0,0,,,,,,,,,,0,0,0,0,0,0,0,0,0,0,0,0,0,0,0,0,0,0,0.00,0.00,0.00,32
09-04-2023,03:02:30,Location 1,,60.000,0.1000,1,1,1,1,0,0,0,0,100.6875,0.30,0,0,0.50,0,0,5.00,0,0,,,,,,,,,,0,0,0,0,0,0,0,0,0,0,0,0,0,0,0,0,0,0,0.00,0.00,0.00,32
09-04-2023,04:03:30,Location 1,,60.000,0.1000,1,1,1,1,0,0,0,0,100.75,0.30,0,0,0.50,0,0,5.00,0,0,,,,,,,,,,0,0,0,0,0,0,0,0,0,0,0,0,0,0,0,0,0,0,0.00,0.00,0.00,32
09-04-2023,05:04:30,Location 1,,60.000,0.1000,1,1,1,1,0,0,0,0,100.625,0.30,0,0,0.50,0,0,5.00,0,0,,,,,,,,,,0,0,0,0,0,0,0,0,0,0,0,0,0,0,0,0,0,0,0.00,0.00,0.00,32
09-04-2023,06:05:30,Location 1,,60.000,0.1000,1,1,1,1,0,0,0,0,100.875,0.30,0,0,0.50,0,0,5.00,0,0,,,,,,,,,,0,0,0,0,0,0,0,0,0,0,0,0,0,0,0,0,0,0,0.00,0.00,0.00,32
09-04-2023,07:06:30,Location 1,,60.000,0.1000,1,1,1,1,0,0,0,0,100.75,0.30,0,0,0.50,0,0,5.00,0,0,,,,,,,,,,0,0,0,0,0,0,0,0,0,0,0,0,0,0,0,0,0,0,0.00,0.00,0.00,32
09-04-2023,08:07:30,Location 1,,60.000,0.1000,1,1,1,1,0,0,0,0,100.8125,0.30,0,0,0.50,0,0,5.00,0,0,,,,,,,,,,0,0,0,0,0,0,0,0,0,0,0,0,0,0,0,0,0,0,0.00,0.00,0.00,32
09-04-2023,09:08:30,Location 1,,60.000,0.1000,1,1,1,1,0,0,0,0,100.875,0.30,0,0,0.50,0,0,5.00,0,0,,,,,,,,,,0,0,0,0,0,0,0,0,0,0,0,0,0,0,0,0,0,0,0.00,0.00,0.00,32
09-04-2023,10:09:30,Location 1,,60.000,0.1000,1,1,1,1,0,0,0,0,100.875,0.30,0,0,0.50,0,0,5.00,0,0,,,,,,,,,,0,0,0,0,0,0,0,0,0,0,0,0,0,0,0,0,0,0,0.00,0.00,0.00,32
09-04-2023,11:10:30,Location 1,,60.000,0.1000,1,1,1,1,0,0,0,0,100.9375,0.30,1,0,0.50,0,0,5.00,0,0,,,,,,,,,,1,0,0,10,0,0,353,0,0,1,0,0,10,0,0,353,0,0,0.00,0.00,0.00,32
09-04-2023,12:11:30,Location 1,,60.000,0.1000,1,1,1,1,0,0,0,0,100.8125,0.30,2,0,0.50,0,0,5.00,0,0,,,,,,,,,,2,0,0,19,0,0,706,0,0,2,0,0,19,0,0,706,0,0,0.00,0.00,0.00,32
09-04-2023,13:12:30,Location 1,,60.000,0.1000,1,1,1,1,0,0,0,0,100.5625,0.30,0,0,0.50,0,0,5.00,0,0,,,,,,,,,,0,0,0,0,0,0,0,0,0,0,0,0,0,0,0,0,0,0,0.00,0.00,0.00,32
09-04-2023,14:13:30,Location 1,,60.000,0.1000,1,1,1,1,0,0,0,0,100.3125,0.30,0,0,0.50,0,0,5.00,0,0,,,,,,,,,,0,0,0,0,0,0,0,0,0,0,0,0,0,0,0,0,0,0,0.00,0.00,0.00,32
09-04-2023,15:14:30,Location 1,,60.000,0.1000,1,1,1,1,0,0,0,0,100.5,0.30,1,0,0.50,0,0,5.00,0,0,,,,,,,,,,1,0,0,10,0,0,353,0,0,1,0,0,10,0,0,353,0,0,0.00,0.00,0.00,32
09-04-2023,16:15:30,Location 1,,60.000,0.1000,1,1,1,1,0,0,0,0,100.1875,0.30,3,0,0.50,0,0,5.00,0,0,,,,,,,,,,3,0,0,30,0,0,"1,060",0,0,3,0,0,30,0,0,"1,060",0,0,0.00,0.00,0.00,32
09-04-2023,17:16:30,Location 1,,60.000,0.1000,1,1,1,1,0,0,0,0,100.25,0.30,1,0,0.50,0,0,5.00,0,0,,,,,,,,,,1,0,0,10,0,0,353,0,0,1,0,0,10,0,0,353,0,0,0.00,0.00,0.00,32
09-04-2023,18:17:30,Location 1,,60.000,0.1000,1,1,1,1,0,0,0,0,100.4375,0.30,0,0,0.50,0,0,5.00,0,0,,,,,,,,,,0,0,0,0,0,0,0,0,0,0,0,0,0,0,0,0,0,0,0.00,0.00,0.00,32
09-04-2023,19:18:30,Location 1,,60.000,0.1000,1,1,1,1,0,0,0,0,100.5,0.30,2,0,0.50,0,0,5.00,0,0,,,,,,,,,,2,0,0,20,0,0,706,0,0,2,0,0,20,0,0,706,0,0,0.00,0.00,0.00,32
09-04-2023,20:19:30,Location 1,,60.000,0.1000,1,1,1,1,0,0,0,0,100.5,0.30,0,0,0.50,0,0,5.00,0,0,,,,,,,,,,0,0,0,0,0,0,0,0,0,0,0,0,0,0,0,0,0,0,0.00,0.00,0.00,32
09-04-2023,21:20:30,Location 1,,60.000,0.1000,1,1,1,1,0,0,0,0,100.75,0.30,0,0,0.50,0,0,5.00,0,0,,,,,,,,,,0,0,0,0,0,0,0,0,0,0,0,0,0,0,0,0,0,0,0.00,0.00,0.00,32
09-04-2023,22:21:30,Location 1,,60.000,0.1000,1,1,1,1,0,0,0,0,100.75,0.30,0,0,0.50,0,0,5.00,0,0,,,,,,,,,,0,0,0,0,0,0,0,0,0,0,0,0,0,0,0,0,0,0,0.00,0.00,0.00,32
09-04-2023,23:22:30,Location 1,,60.000,0.1000,1,1,1,1,0,0,0,0,100.5625,0.30,0,0,0.50,0,0,5.00,0,0,,,,,,,,,,0,0,0,0,0,0,0,0,0,0,0,0,0,0,0,0,0,0,0.00,0.00,0.00,32
10-04-2023,00:23:30,Location 1,,60.000,0.1000,1,1,1,1,0,0,0,0,100.4375,0.30,0,0,0.50,0,0,5.00,0,0,,,,,,,,,,0,0,0,0,0,0,0,0,0,0,0,0,0,0,0,0,0,0,0.00,0.00,0.00,32
10-04-2023,01:24:30,Location 1,,60.000,0.1000,1,1,1,1,0,0,0,0,100.4375,0.30,0,0,0.50,0,0,5.00,0,0,,,,,,,,,,0,0,0,0,0,0,0,0,0,0,0,0,0,0,0,0,0,0,0.00,0.00,0.00,32
10-04-2023,02:25:30,Location 1,,60.000,0.1000,1,1,1,1,0,0,0,0,100.375,0.30,0,0,0.50,0,0,5.00,0,0,,,,,,,,,,0,0,0,0,0,0,0,0,0,0,0,0,0,0,0,0,0,0,0.00,0.00,0.00,32
10-04-2023,03:26:30,Location 1,,60.000,0.1000,1,1,1,1,0,0,0,0,100.3125,0.30,0,0,0.50,0,0,5.00,0,0,,,,,,,,,,0,0,0,0,0,0,0,0,0,0,0,0,0,0,0,0,0,0,0.00,0.00,0.00,32
10-04-2023,04:27:30,Location 1,,60.000,0.1000,1,1,1,1,0,0,0,0,100.375,0.30,0,0,0.50,0,0,5.00,0,0,,,,,,,,,,0,0,0,0,0,0,0,0,0,0,0,0,0,0,0,0,0,0,0.00,0.00,0.00,32
10-04-2023,05:28:30,Location 1,,60.000,0.1000,1,1,1,1,0,0,0,0,100.3125,0.30,0,0,0.50,0,0,5.00,0,0,,,,,,,,,,0,0,0,0,0,0,0,0,0,0,0,0,0,0,0,0,0,0,0.00,0.00,0.00,32
10-04-2023,06:29:30,Location 1,,60.000,0.1000,1,1,1,1,0,0,0,0,100.375,0.30,0,0,0.50,0,0,5.00,0,0,,,,,,,,,,0,0,0,0,0,0,0,0,0,0,0,0,0,0,0,0,0,0,0.00,0.00,0.00,32
10-04-2023,07:30:30,Location 1,,60.000,0.1000,1,1,1,1,0,0,0,0,100.75,0.30,1,0,0.50,0,0,5.00,0,0,,,,,,,,,,1,0,0,10,0,0,353,0,0,1,0,0,10,0,0,353,0,0,0.00,0.00,0.00,32
10-04-2023,08:31:30,Location 1,,60.000,0.1000,1,1,1,1,0,0,0,0,100.8125,0.30,0,0,0.50,0,0,5.00,0,0,,,,,,,,,,0,0,0,0,0,0,0,0,0,0,0,0,0,0,0,0,0,0,0.00,0.00,0.00,32
10-04-2023,09:32:30,Location 1,,60.000,0.1000,1,1,1,1,0,0,0,0,100.75,0.30,0,0,0.50,0,0,5.00,0,0,,,,,,,,,,0,0,0,0,0,0,0,0,0,0,0,0,0,0,0,0,0,0,0.00,0.00,0.00,32
10-04-2023,10:33:30,Location 1,,60.000,0.1000,1,1,1,1,0,0,0,0,100.5,0.30,0,0,0.50,0,0,5.00,0,0,,,,,,,,,,0,0,0,0,0,0,0,0,0,0,0,0,0,0,0,0,0,0,0.00,0.00,0.00,32
10-04-2023,11:34:30,Location 1,,60.000,0.1000,1,1,1,1,0,0,0,0,100.625,0.30,1,0,0.50,0,0,5.00,0,0,,,,,,,,,,1,0,0,9,0,0,353,0,0,1,0,0,9,0,0,353,0,0,0.00,0.00,0.00,32
10-04-2023,12:35:30,Location 1,,60.000,0.1000,1,1,1,1,0,0,0,0,100.4375,0.30,1,0,0.50,0,0,5.00,0,0,,,,,,,,,,1,0,0,10,0,0,353,0,0,1,0,0,10,0,0,353,0,0,0.00,0.00,0.00,32
10-04-2023,13:36:30,Location 1,,60.000,0.1000,1,1,1,1,0,0,0,0,100.375,0.30,0,0,0.50,0,0,5.00,0,0,,,,,,,,,,0,0,0,0,0,0,0,0,0,0,0,0,0,0,0,0,0,0,0.00,0.00,0.00,32
10-04-2023,14:37:30,Location 1,,60.000,0.1000,1,1,1,1,0,0,0,0,100.125,0.30,0,0,0.50,0,0,5.00,0,0,,,,,,,,,,0,0,0,0,0,0,0,0,0,0,0,0,0,0,0,0,0,0,0.00,0.00,0.00,32
10-04-2023,15:38:30,Location 1,,60.000,0.1000,1,1,1,1,0,0,0,0,100.1875,0.30,7,0,0.50,1,0,5.00,0,0,,,,,,,,,,7,1,0,70,10,0,"2,472",353,0,8,1,0,80,10,0,"2,825",353,0,0.00,0.01,0.01,32
10-04-2023,16:39:30,Location 1,,60.000,0.1000,1,1,1,1,0,0,0,0,100.1875,0.30,0,0,0.50,0,0,5.00,0,0,,,,,,,,,,0,0,0,0,0,0,0,0,0,0,0,0,0,0,0,0,0,0,0.00,0.00,0.00,32
10-04-2023,17:40:30,Location 1,,60.000,0.1000,1,1,1,1,0,0,0,0,100.1875,0.30,0,0,0.50,0,0,5.00,0,0,,,,,,,,,,0,0,0,0,0,0,0,0,0,0,0,0,0,0,0,0,0,0,0.00,0.00,0.00,32
10-04-2023,18:41:30,Location 1,,60.000,0.1000,1,1,1,1,0,0,0,0,100.25,0.30,0,0,0.50,0,0,5.00,0,0,,,,,,,,,,0,0,0,0,0,0,0,0,0,0,0,0,0,0,0,0,0,0,0.00,0.00,0.00,32
10-04-2023,19:42:30,Location 1,,60.000,0.1000,1,1,1,1,0,0,0,0,100.375,0.30,0,0,0.50,0,0,5.00,0,0,,,,,,,,,,0,0,0,0,0,0,0,0,0,0,0,0,0,0,0,0,0,0,0.00,0.00,0.00,32
10-04-2023,20:43:30,Location 1,,60.000,0.1000,1,1,1,1,0,0,0,0,100.375,0.30,0,0,0.50,0,0,5.00,0,0,,,,,,,,,,0,0,0,0,0,0,0,0,0,0,0,0,0,0,0,0,0,0,0.00,0.00,0.00,32
10-04-2023,21:44:30,Location 1,,60.000,0.1000,1,1,1,1,0,0,0,0,100.5625,0.30,0,0,0.50,0,0,5.00,0,0,,,,,,,,,,0,0,0,0,0,0,0,0,0,0,0,0,0,0,0,0,0,0,0.00,0.00,0.00,32
10-04-2023,22:45:30,Location 1,,60.000,0.1000,1,1,1,1,0,0,0,0,100.5,0.30,0,0,0.50,0,0,5.00,0,0,,,,,,,,,,0,0,0,0,0,0,0,0,0,0,0,0,0,0,0,0,0,0,0.00,0.00,0.00,32
10-04-2023,23:46:30,Location 1,,60.000,0.1000,1,1,1,1,0,0,0,0,100.375,0.30,0,0,0.50,0,0,5.00,0,0,,,,,,,,,,0,0,0,0,0,0,0,0,0,0,0,0,0,0,0,0,0,0,0.00,0.00,0.00,32
11-04-2023,00:47:30,Location 1,,60.000,0.1000,1,1,1,1,0,0,0,0,100.375,0.30,0,0,0.50,0,0,5.00,0,0,,,,,,,,,,0,0,0,0,0,0,0,0,0,0,0,0,0,0,0,0,0,0,0.00,0.00,0.00,32
11-04-2023,01:48:30,Location 1,,60.000,0.1000,1,1,1,1,0,0,0,0,100.1875,0.30,0,0,0.50,0,0,5.00,0,0,,,,,,,,,,0,0,0,0,0,0,0,0,0,0,0,0,0,0,0,0,0,0,0.00,0.00,0.00,32
11-04-2023,02:49:30,Location 1,,60.000,0.1000,1,1,1,1,0,0,0,0,100.25,0.30,0,0,0.50,0,0,5.00,0,0,,,,,,,,,,0,0,0,0,0,0,0,0,0,0,0,0,0,0,0,0,0,0,0.00,0.00,0.00,32
11-04-2023,03:50:30,Location 1,,60.000,0.1000,1,1,1,1,0,0,0,0,100.1875,0.30,1,0,0.50,0,0,5.00,0,0,,,,,,,,,,1,0,0,10,0,0,353,0,0,1,0,0,10,0,0,353,0,0,0.00,0.00,0.00,32
11-04-2023,04:51:30,Location 1,,60.000,0.1000,1,1,1,1,0,0,0,0,100.375,0.30,1,0,0.50,0,0,5.00,0,0,,,,,,,,,,1,0,0,10,0,0,353,0,0,1,0,0,10,0,0,353,0,0,0.00,0.00,0.00,32
11-04-2023,05:52:30,Location 1,,60.000,0.1000,1,1,1,1,0,0,0,0,100.375,0.30,0,0,0.50,0,0,5.00,0,0,,,,,,,,,,0,0,0,0,0,0,0,0,0,0,0,0,0,0,0,0,0,0,0.00,0.00,0.00,32
11-04-2023,06:53:30,Location 1,,60.000,0.1000,1,1,1,1,0,0,0,0,100.5,0.30,0,0,0.50,0,0,5.00,0,0,,,,,,,,,,0,0,0,0,0,0,0,0,0,0,0,0,0,0,0,0,0,0,0.00,0.00,0.00,32
11-04-2023,07:54:30,Location 1,,60.000,0.1000,1,1,1,1,0,0,0,0,100.625,0.30,0,0,0.50,0,0,5.00,0,0,,,,,,,,,,0,0,0,0,0,0,0,0,0,0,0,0,0,0,0,0,0,0,0.00,0.00,0.00,32
11-04-2023,08:55:30,Location 1,,60.000,0.1000,1,1,1,1,0,0,0,0,100.625,0.30,0,0,0.50,0,0,5.00,0,0,,,,,,,,,,0,0,0,0,0,0,0,0,0,0,0,0,0,0,0,0,0,0,0.00,0.00,0.00,32
11-04-2023,09:56:30,Location 1,,60.000,0.1000,1,1,1,1,0,0,0,0,100.625,0.30,0,0,0.50,0,0,5.00,0,0,,,,,,,,,,0,0,0,0,0,0,0,0,0,0,0,0,0,0,0,0,0,0,0.00,0.00,0.00,32
11-04-2023,10:57:30,Location 1,,60.000,0.1000,1,1,1,1,0,0,0,0,100.6875,0.30,0,0,0.50,0,0,5.00,0,0,,,,,,,,,,0,0,0,0,0,0,0,0,0,0,0,0,0,0,0,0,0,0,0.00,0.00,0.00,32
11-04-2023,11:58:30,Location 1,,60.000,0.1000,1,1,1,1,0,0,0,0,100.5,0.30,0,0,0.50,0,0,5.00,0,0,,,,,,,,,,0,0,0,0,0,0,0,0,0,0,0,0,0,0,0,0,0,0,0.00,0.00,0.00,32
11-04-2023,12:59:30,Location 1,,60.000,0.1000,1,1,1,1,0,0,0,0,100.5,0.30,132,0,0.50,6,0,5.00,0,0,,,,,,,,,,132,6,0,"1,320",60,0,"46,621","2,119",0,138,6,0,"1,380",60,0,"48,740","2,119",0,0.00,0.06,0.06,32
11-04-2023,14:00:30,Location 1,,60.000,0.1000,1,1,1,1,0,0,0,0,100.375,0.30,145,0,0.50,8,0,5.00,0,0,,,,,,,,,,145,8,0,"1,449",79,0,"51,205","2,825",0,153,8,0,"1,528",79,0,"54,030","2,825",0,0.00,0.08,0.08,32
11-04-2023,15:01:30,Location 1,,60.000,0.1000,1,1,1,1,0,0,0,0,100.1875,0.30,258,0,0.50,10,0,5.00,0,0,,,,,,,,,,258,10,0,"2,580",100,0,"91,118","3,532",0,268,10,0,"2,680",100,0,"94,649","3,532",0,0.01,0.11,0.11,32
11-04-2023,16:02:30,Location 1,,60.000,0.1000,1,1,1,1,0,0,0,0,100.125,0.30,395,0,0.50,14,0,5.00,0,0,,,,,,,,,,395,14,0,"3,950",140,0,"1,39,504","4,944",0,409,14,0,"4,090",140,0,"1,44,448","4,944",0,0.01,0.14,0.14,32
11-04-2023,17:03:30,Location 1,,60.000,0.1000,1,1,1,1,0,0,0,0,100.125,0.30,3,0,0.50,0,0,5.00,0,0,,,,,,,,,,3,0,0,30,0,0,"1,059",0,0,3,0,0,30,0,0,"1,059",0,0,0.00,0.00,0.00,32
